title,polarity,subjectivity,classification
Market's JittersStir Some FearsFor Buyout Boom,0.0,0.0,neu
Debt and the Corporate Tax Base,-0.4,0.5,neg
Spending May Sag as Debt Use Eases,0.0,0.0,neu
Treasury to Pay Down Debt,-0.155555555556,0.288888888889,neu
Bonds Becoming a Tougher Sale,0.45,0.85,pos
REITs Weigh Leverage Levels,0.0,0.0,neu
Treasury to Pay Down Debt,-0.155555555556,0.288888888889,neu
Behind Buyout Surge,A Debt Market Booms,-0.4,0.7,neg
Colleges Buy UpRisky Debt AfterBear's Debacle,0.0,0.0,neu
Thomson Learning, Service Master, VWR Test Debt Market,0.0,0.0,neu
Until Debt Do Us Part: Dealing with a Future Spouse's Bills,0.0,0.125,neu
Treasury Sets a Debt Plan,0.0,0.0,neu
Game Theories:Calling the EndOf Cheap Debt,0.0,0.55,neu
Market Still Hungers for Debt,0.0,0.0,neu
Game of Buyout BingoMay Be Ending,-0.4,0.4,neu
The U.S. Debt Load: Big and Cheap,0.2,0.4,neu
ECB Finds a Way to Buy Sovereign Debt,0.0,0.0,neu
Spain Yields Rise at Bond Auction,0.0,0.0,neu
HEARD ON THE STREET: Bank Debt Bail-Ins Move Closer to Reality,0.0,0.0,neu
CB&I Debt Load To Swell After Shaw Deal,0.0,0.0,neu
December Debacle? U.S. Likely to Hit Debt Ceiling Then,0.0,1.0,neu
U.S. Probably Won't Have to Raise Debt Ceiling This Year,0.0,0.0,neu
Money Market Funds: So Big in Japan, They're About to Play Budokan,0.0,0.1,neu
The Weird World of Japanese Debt,-0.25,0.5,neg
IMF Paper Says ECB Seniority on Greek Debt Undermines Crisis-Fighting Powers,0.0,0.0,neu
Spain Pays Premium on Its Debt,0.0,0.0,neu
Middle-Aged Americans Struggle Most With Student Debt,0.5,0.5,pos
Italy Pays for Long-Term Debt, but Key Auction Proves Smooth,0.233333333333,0.5,pos
Record Cheap Debt Drives Bond 'Bonanza',0.4,0.7,pos
HEARD ON THE STREET: Italian Debt Still Hangs in the Balance,0.0,0.0,neu
Tokyo sees prices rising,0.0,0.0,neu
Long Study of Great DepressionHas Shaped Bernanke's Views,0.375,0.575,pos
Bernanke's Research,0.0,0.0,neu
Japan,0.0,0.0,neu
Japan's deflation cyclemay be near end at last,0.05,0.233333333333,neu
Japan budget billtargets reductionin bond issuance,0.0,0.0,neu
What's Next for Bank of Japan,0.0,0.0,neu
Investors Push Nikkei to 5-Year High,Even as Tab Rises in Trading Blunder,0.0,0.0,neu
Japanese Data ShowRecovery Is on Track,0.0,0.0,neu
Dollar Moves Up,With Solid GainsOn Yen and Pound,0.0,0.1,neu
Dollar Appears HeadedFor Range-Bound Week,0.0,0.0,neu
Bank of Japan Sees Shift,0.0,0.0,neu
Japanese bondsgain amid a dropin Tokyo shares,0.0,0.0,neu
Conditions improve in Japan,0.0,0.0,neu
From Nikkei: Toyota Labor Union SeeksFirst Pay Raise in 4 Years,0.0,0.0,neu
Credit Crisis+Mortgage Mess = Deflation?,-0.175,0.175,neu
Deflation Pressures Ease in Japan,0.0,0.0,neu
Bond Yields Harken Back to 2004,0.0,0.0,neu
This Holiday Season,Electronics Top Wish Lists,0.5,0.5,pos
Why Pakistan's Stock InvestorsFocus on Business Over Politics,0.0,0.0,neu
Lifelines for the Drowning Dollar,0.0,0.0,neu
Global Deflation Pandemic Begins to Brew,0.0,0.0,neu
Japanese index heightensconcerns about deflation,0.0,0.0,neu
How to Build a Portfolio Wisely and Safely,0.6,0.7,pos
Japanese yields head downward on deflation fear,0.0,0.0,neu
Video: Deflation Hits Equities, But Tech Performs Better,0.5,0.5,pos
No Cakewalk for Oil-Services Firms,0.0,0.0,neu
Make Money, Whatever Happens to the Economy,0.0,0.0,neu
Sweden Official Seeks Price Targets,0.0,0.0,neu
Economists React: China's GDP Accelerator Is Working, But What About The Brake?,0.0,0.0,neu
Fed Focuses on Inflation Expectations And Tries to Stem Self-Fulfilling Prophecies,-0.1,0.4,neu
Less-Contained Language,0.0,0.0,neu
The Fed's in the Hot SeatAs Inflation Rises,0.25,0.85,pos
Reports Intensify Pressure On Fed to Boost Rates,0.0,0.0,neu
Bernanke and Inflation:A Headache for Markets,0.0,0.0,neu
Inflation Fears Mount at FedAs Poole Toughens Rate Posture,0.0,0.0,neu
TIPS Funds Grow as Inflation Hedge,But With Their Allure Comes Caveats,0.0,0.0,neu
Bernanke Highlights Inflation Risks,But Sounds Somewhat Dovish Note,0.0,0.0,neu
Bernanke's Remarks on Energy, Economy,0.0,0.0,neu
Stocks Rally Despite Inflation Data,0.0,0.0,neu
'Foregone Conclusion' on Rate Move;Questions on Role of Housing Costs,0.0,0.0,neu
Paris Hilton vs. the Short Sellers,0.0,0.3,neu
Bonds Are Bracing for Inflation Data,0.0,0.0,neu
Fed Official Joins Inflation Chorus,But Avoids Hawkish Tone on Rates,0.0,0.0,neu
Fed Official Bies CitesGrowing Inflation Risk,0.0,0.0,neu
Finding Your Refuge From Inflation,0.0,0.0,neu
Inflation Caps Gain Hedge Popularity,0.0,0.0,neu
Fed Officials Downplay TIPS Inflation Signal,0.0,0.0,neu
Inflation Rears Its Ugly Head Once Again,-0.7,1.0,neg
German Rise in Inflation Is to Hit EU,0.0,0.0,neu
Inflation Alert,0.0,0.0,neu
For the Fed, a Recession -- Not Inflation -- Poses Greater Threat,0.5,0.5,pos
Saudi Inflation Reaches 27-Year High,0.16,0.54,pos
The Inflation Fever Breaks (For Now),0.0,0.0,neu
Inflation Challenges Persian Gulf Growth,0.0,0.0,neu
Perceptions Test China's Ability to Quell Inflation,0.0,0.0,neu
Fighting Recession Instead of Inflation,0.0,0.0,neu
Personal Spending Up Mere 0.1%, But Inflation Pressures Are Muted,-0.25,0.4,neu
South Korea's New President Switches Focus to Inflation,0.136363636364,0.454545454545,neu
China's Wen Puts Inflation, Unrest High on Agenda,0.16,0.54,pos
Atari's Loss Narrows,0.0,0.0,neu
Infogrames Reports Narrower Loss,0.0,0.0,neu
Toys 'R' Us Net Loss WidensDespite 3.6% Increase in Sales,0.0,0.0,neu
Ciena Loss Narrows as Sales Jump,0.0,0.0,neu
Nortel Reports Loss in Scandal Wake,0.0,0.0,neu
ATI Posts Loss and SlashesRevenue Forecast,0.0,0.0,neu
Circuit City's Loss WidensOn Higher Expenses,0.25,0.5,pos
Continental Still ExpectsTo Post Net Loss for 2005,0.0,0.0,neu
Sears Posts Loss, Lukewarm SalesIn First Report to Wrap In Kmart,0.25,0.333333333333,neu
Take-Two Sales Rise 45%,But Delays Trigger Forecast Cut,0.0,0.0,neu
Alstom Posts Narrower Net Loss,Repeats Vow for Profit This Year,0.0,0.0,neu
Boeing Expects to Post Pretax LossRelated to Sale of Plants to Onex,0.0,0.0,neu
Acquisition Weighs on 3Com's Net,0.0,0.0,neu
Grokster's Loss Is America's Gain,0.0,0.0,neu
Spitzer's Stumble,-0.05,0.1,neu
EarthLink Posts LossAmid Decline in Subscribers,0.0,0.0,neu
Chi Mei Loss Wider Than ForecastAs Panel Prices Decline,0.0,0.0,neu
U.S. Remains the Bane of Ford and Nissan,0.0,0.0,neu
BenQ Posts Loss,Unveils OverhaulIncluding Spinoff,0.0,0.0,neu
China Eastern Airlines Posts Loss,0.0,0.0,neu
LG ElectronicsPosts Loss AmidPricing Pressure,0.0,0.0,neu
Spansion Posts A Wider Loss,0.0,0.0,neu
Micron Falls After Swinging to Loss;Nasdaq Finishes Week Ahead 2.1%,0.0,0.0,neu
TCL Multimedia ExpectsBig Loss Amid High Costs,0.16,0.54,pos
Northwest's Loss NarrowsAhead of Chapter 11 Exit,0.0,0.0,neu
Goodyear Swings to a Loss,Plans to Expand Production,0.0,0.0,neu
Infineon's Net Loss Narrows,But Wireless Unit Weighs on Results,0.0,0.0,neu
XM Loss NarrowsWith Customer Additions,0.0,0.0,neu
Beazer Posts Loss Amid Weak Housing Market,-0.375,0.625,neg
UAL Loss May Signal Rough Ride Ahead,-0.1,0.4,neu
Sharp Decline in Stocks ReflectsInvestors' Greater Aversion to Risk,0.1875,0.625,pos
AIG, General ReOfficials KnewOf Deal's Risk,0.05,0.5,pos
FASB Weighs Its Finite-Risk Rules,0.0,0.0,neu
GE Hints It May Exit InsuranceBusiness; Will It Be Revealing?,0.0,0.0,neu
So Indict Him Then,0.0,0.0,neu
Cut Fannie and Freddie Down to Size,-0.155555555556,0.288888888889,neu
Short-Term Risk Forecast Falls To Lowest Level in Nearly 3 Weeks,0.1,0.4,neu
A Misguided Proposal to Regulate Risk-Taking,0.0,0.0,neu
Insurance ProbeTo Expand FocusTo Purchasers,0.0,0.0,neu
J&J Heart-Failure Drug AttractsFurther Scrutiny Over Safety,0.0,0.0,neu
Leveraged Buyouts Heap RiskOn Investors Hungry for Yields,0.0,0.0,neu
Morgan Stanley LosesInstitutional Risk Advisor,0.0,0.0,neu
Greenspan's TestimonyOn Fannie, Freddie,0.0,0.0,neu
Australian Debt Rides Out New Risk,0.0681818181818,0.227272727273,neu
Risk Watchers,Part 2: PeeringOver the Hedge,0.0,0.0,neu
What Makes a Drug Too Risky? There's No Easy Answer,-0.216666666667,0.833333333333,neg
Painkiller Study Reinforces Cardiovascular Risk,0.0,0.0,neu
Asthma, AllergiesDuring PregnancyDouble Autism Risk,0.0,0.0,neu
AIDS Drug CocktailsMay Double Heart Risk,0.0,0.0,neu
Short-Term Risk Forecast Shows Biggest One-Day Rise Since July,0.0,0.0,neu
Hormone TherapyMay Raise RiskOf Incontinence,0.0,0.0,neu
Where FindingsOn PainkillersLeave Patients,0.0,0.0,neu
Merck Documents ShedLight on Vioxx Legal Battles,0.2,0.2,neu
Option Traders' Risk PerceptionKeeps Easing After Fed Rate Rise,0.0,0.0,neu
Health Mailbox,0.0,0.0,neu
FDA Panel Questions Industry,Agency on Painkiller Handling,0.0,0.0,neu
Cancer-Risk Label ConsideredFor Two Topical Eczema Creams,0.0,0.05,neu
Reducing Title Insurance Premiums Would Put Consumers at Risk,0.0,0.0,neu
FDA Conclave Will AssessCardiac Risks of Painkillers,0.0,0.0,neu
Hospitals Aim to CurbInjuries From Falling; Risk for Young Patients,0.1,0.4,neu
Tiger Woods Crash: 911 Call to be Released Today,0.0,0.0,neu
Video: Deadly Train Crash in Russia,-0.2,0.4,neu
Video: Video of Front-Impact Crash Tests,0.0,0.0,neu
Video: Video of Side-Impact Crash Tests,0.0,0.0,neu
Pilot Error Suspected in Yemenia Airways Crash,0.0,0.0,neu
Woods Speaks Out on Crash, Blaming Himself,0.0,0.0,neu
U.S. to Probe China Cargo Plane Crash,0.0,0.0,neu
Ford Says Inflatable Seat Belt Could Reduce Crash Injuries,0.0,0.0,neu
Terrorism Suspected in Russia Train Crash,0.0,0.0,neu
Three Americans Die in China Plane Crash,0.0,0.0,neu
Allied Irish Raises Bad Debt Charge,-0.35,0.333333333333,neu
Video: Couple Crashes Obama's First State Dinner,0.25,0.333333333333,neu
FAA Plans Tougher Ice Rules,0.0,0.0,neu
Elvis-Themed Las Vegas Resort on Hold,0.0,0.0,neu
Video: Ford's Newest Feature: Inflatable Seat Belt,0.0,0.0,neu
NTSB Suggests Poor Visibility in Plane Crash Involving Former Sen. Stevens,-0.2,0.3,neu
Stevens Describe Horror at Stevens Crash Site,0.0,0.0,neu
10 Venezuelan Troops Die in Helicopter Crash,0.0,0.0,neu
Pakistan Air Crash Blamed on Visibility, Errors,0.0,0.0,neu
NTSB Focuses on Actions of Pilot in Stevens Crash,0.0,0.0,neu
Condition of Plane-Crash Survivor Improves,0.0,0.0,neu
Ted Stevens Dies in Alaska Plane Crash,0.0,0.0,neu
Legacy of the 'Flash Crash',0.0,0.0,neu
Peter Lenz Crash: Teen Motorcycle Racer Dies In Accident,0.0,0.0,neu
Video: Deadly Bus Crash near Quito, Ecuador kills 38.,-0.05,0.4,neu
Crash-Proof Cars: Cadillac Says They Are Coming (Video),0.0,0.0,neu
Circuit Breakers Prevent Sudden Losses at LSE,0.0,0.5,neu
Video: No, We're Not Better Off Post Flash Crash,-0.25,0.5,neg
All but One Survive Aircraft Crash on Landing,0.0,0.0,neu
Deadly Mojave Desert Crash -- Photos.,-0.2,0.4,neu
German Engineering,0.0,0.0,neu
Surviving the Big, Scary 'Mega-Bubble',-0.25,0.55,neg
Investors Fret Mortgage Balloons Will Burst,0.0,0.0,neu
What Housing Bubble?,0.0,0.0,neu
Housing PricesAren't Fed Target,Greenspan Says,0.0,0.0,neu
Japan's Burst BubbleIn 1980s Real EstateMay Not Echo in U.S.,0.2,0.3,neu
Cooling Housing's Jets,0.0,0.0,neu
Australia SuggestsEnd of Home BoomNeedn't Be Dire,0.0,0.0,neu
Real Estate Pulls InM.B.A. StudentsDespite Bubble Fears,0.2,0.3,neu
Editor's Note,0.0,0.0,neu
Walking the Line,0.0,0.0,neu
Portfolios That Invest in Real EstateOr in Latin America Are Hot,0.225,0.575,pos
Beijing Rules RestrainFlow of Venture Capital,0.0,0.0,neu
Stocks Stand Up to Terror,0.0,0.0,neu
Investors Like What They See (So Far),0.1,1.0,pos
Whither the Yuan?,0.0,0.0,neu
Puncturing the "Private-Equity Bubble",0.0,0.0,neu
Secondary Sources: Paulson's Credibility, Carry Trades and the Housing Bubble,-0.3,0.3,neu
You Know It's a Private-Equity Bubble When...,0.0,0.0,neu
The Man Who Saw It Coming,0.0,0.0,neu
Our Subprime Fed,0.0,0.0,neu
Desperate House Loans?,-0.6,1.0,neg
'How I Became a Quant',0.0,0.0,neu
Japan Land Prices Rise 8.6%,Biggest Gain in 15 Years,0.0,0.0,neu
The Tension Between Traditional Economics and Bubbles,0.0,0.75,neu
BofA's Countrywide Gamble,0.0,0.0,neu
Reading: The Cleaner,0.0,0.0,neu
Behind a Sushi Empire,A Meticulous Balance,-0.4,0.7,neg
The Song of Bernanke,0.0,0.0,neu
China at 5000: Buying Frenzy Continues,0.0,0.0,neu
Steps to Avoid Onerous Credit-Card Fees,0.0,0.0,neu
Citigroup Alters Interest-Rate Practices,0.0,0.0,neu
New Battle Over ReformOf Americans' 401(k)s,0.136363636364,0.454545454545,neu
How Street Hit Lender,0.0,0.0,neu
Tapping World's Oil Rigs,0.0,0.0,neu
Foreclosure RiseBrings BusinessTo One Investor,0.0,0.0,neu
Banks Go on Subprime Offensive,0.0,0.0,neu
Senate Chides Credit-Card Companies,0.0,0.0,neu
If It's Time to Move Out of Stocks,Is There Anything to Move Into?,0.0,0.0,neu
Subprime Wreckage Entices Bargain Hunters,0.0,0.0,neu
Learning From Palm's Pain,0.0,0.0,neu
Bally to WeighChapter 11 FilingAmid Debt Woes,0.0,0.0,neu
Mortgage Fears Lift Treasurys,0.0,0.0,neu
Tax-Shelter Client of myCFO Goes to Court,0.0,0.0,neu
Where to Land a Flight to Safety,0.0,0.0,neu
Housing Bears Bet on Shaky Credit,-0.333333333333,0.5,neg
Calpine's Bond Prices RiseOn News of Bankruptcy Filing,0.0,0.0,neu
Corporate bankruptcies risein Korea, credit defaults fall,0.0,0.0,neu
DecipheringA Mistrial,0.0,0.0,neu
Credit-Derivatives Deadline Looms,0.0,0.0,neu
The Worst of 2005: Confusion,'Reform' and (Ugh!) the AMT,-1.0,1.0,neg
S&P Cuts GM Credit Rating Further,0.0,0.5,neu
Market Is Waiting to See if FedShifts Wording in Next Meeting,0.0,0.0,neu
Calpine's Woes Don't Deter Investors in Junk-Bond Market,0.0,0.0,neu
Unipol's pursuit of BNL hitsanother financial roadblock,0.0,0.0,neu
Epilogue to a (Former) Short's Story:Data on Allied Capital Aren't Pretty,0.0833333333333,0.433333333333,neu
Equity Firms Pursue $8 Billion Deal,0.0,0.0,neu
Indictments SoughtIn Probe of Cirio,0.0,0.0,neu
Leveraged Loans Came to RescueIn Year of Flailing Credit Market,0.0,0.0,neu
From Nikkei BOJ Watching for SpikesIn Loans to Realtors, REITs,0.0,0.0,neu
Bear Stearns May Settle SEC Case,-0.1,0.6,neg
Innocent Mexicans Bear the Brunt of Drug Violence,0.5,0.7,pos
Tiger Holds Off Montgomerie,Continues His Chase of Nicklaus,0.0,0.0,neu
Housing GetsEven Less Affordable,-0.166666666667,0.0666666666667,neu
Zoos Gone Wild,0.1,0.4,neu
How Bikers' Water BackpackBecame Soldiers' Essential,0.0,0.3,neu
Wall Street TurnsBlind Eye to ResultsOf Option Expensing,0.0,0.0,neu
Bulls, Bears Debate DreamWorks,0.0,0.0,neu
NYSE Seat Prices Cool Off a Tad,0.35,0.65,pos
At Morgan Stanley, The Parachute Opens Up Golden,0.3,0.5,pos
Arroyo Asks Cabinet to ResignAs Political Crisis Escalates,0.0,0.1,neu
Mack ReceivesRich Pay PactPacing Rivals',0.0,0.0,neu
Bulls, Bears Debate JetBlue,0.0,0.0,neu
China's Tradable-Share PlanRemains Crucial to Markets,0.0,1.0,neu
Yuan of a New Era:The Impact on Markets,0.136363636364,0.454545454545,neu
Where the Wild Things Are,0.1,0.4,neu
Ryne Sandberg Breaks the MoldWith Fiery Cooperstown Speech,0.0,0.0,neu
Simmons Stumps Shorts on Timet,0.0,0.0,neu
Big Ship, New Captain,0.0681818181818,0.277272727273,neu
Trans-Atlantic Crossing,0.0,0.0,neu
Bulls, Bears Debate Chevron,0.0,0.0,neu
Inventively Ever After: In 'Brothers Grimm,' TellersAnd Tales Wondrously Mingle,0.5,1.0,pos
Ouch! Jet-Fuel Prices Outpace Crude,-0.7,1.0,neg
The Theology of Global Warming,0.0,0.0,neu
Cable CompaniesCall Up New Growth Story,0.136363636364,0.454545454545,neu
Mexico Surges to Record Highs,0.0,0.0,neu
Major's Frustration,0.0625,0.5,pos
On Baghdad Beat,Policeman DodgesBombs, Turncoats,0.0,0.0,neu
Housing-Bubble TalkDoesn't Scare Off Foreigners,0.0,0.0,neu
Notable & Quotable,0.5,0.5,pos
U.N.'s Program for the Poor of North Korea Strives to Forestall Corruption,-0.4,0.6,neg
Shanghai Tycoon Faces Bribery Charges,0.0,0.0,neu
China to Charge Top StatisticianIn Connection With Pension Probe,0.5,0.5,pos
A Former No. 2 Official BecomesSuspect in Siemens Bribery Probe,0.0,0.0,neu
German Prosecutor ChargesLawmaker in VW Scandal,0.0,0.0,neu
OECD Challenges BritainFor Ending Bribery Probe,0.0,0.0,neu
At Siemens, WitnessesCite Pattern of Bribery,0.0,0.0,neu
No Free Lunch:New Ethics RulesVex Capitol Hill,-0.2,0.8,neg
In Katrina's Wake:Where Is the Money?,0.0,0.0,neu
New Allegations to Challenge Siemens,0.136363636364,0.454545454545,neu
With Aid, U.S. Widens RoleIn Palestinian Crisis,0.0,0.0,neu
Judgment Day,0.0,0.0,neu
Excerpts From The WSJ Interview With Thailand's Thaksin Shinawatra,0.0,0.0,neu
Investors Credit Putin As They Pile Up Profits,0.0,0.0,neu
Speaker Pelosi's Ethics,0.0,0.0,neu
A Top Taiwan RegulatorDenies Corruption Claims,0.5,0.5,pos
Suharto's (Un)Pardon,0.0,0.0,neu
Chen's Son-in-Law Is Held,0.0,0.0,neu
Caught in China's Transformation,0.0,0.0,neu
Hyundai Motor Chairman Will Be Indicted,0.0,0.0,neu
Reactions to Enron Guilty Verdicts,-0.5,1.0,neg
A Foreign Investor's Take on Russia,-0.125,0.125,neu
Their People, Our Money,0.0,0.0,neu
Malayse,0.0,0.0,neu
Turkey's Danger Zone,0.0,0.0,neu
Very Rough Justice,-0.13,0.52,neg
What Ails Afghanistan?,0.0,0.0,neu
Guilty Plea By Former Aide BringsAbramoff Probe Closer to Rep. Ney,-0.25,0.5,neg
De La Hoya Knows the Ropes,0.0,0.0,neu
Cleaning House?,0.0,0.0,neu
Dividend Stocks Haven't Caught Investors' Fancy,0.0,0.0,neu
Stocks Post Biggest Gain of '05,0.0,0.0,neu
Will Japanese Stocks ContinueTo Lure Buyers From Abroad?,0.0,0.0,neu
Squeezing Profits From Stocks in 2005,0.0,0.0,neu
What Wall Street's BestAre Telling Their Clients,0.0,0.0,neu
Stocks Flop Into 2005With Stumbling Start,0.0,0.0,neu
Drug Stocks Still Have Some Benefits,0.0,0.0,neu
Asian Markets End Higher;Japan Rises on Tech Stocks,0.0,0.0,neu
A Small Victory for Stocks,-0.25,0.4,neu
Americas Markets End Mixed,0.0,0.25,neu
InfoSpace, Jakks Pacific Advance,0.0,0.0,neu
Stocks Slip, Oil Prices RiseAs Earnings Reports Pile Up,0.0,0.0,neu
Airlines Take Brunt of the Selloff;Oil-Related Stocks Notch Gains,0.0,0.0,neu
Stocks End HigherAfter an Early RallyIn Oil Prices Eases,0.1,0.3,neu
Small Stocks' Allure Fades,-0.25,0.4,neu
Stocks Left Little-Changed,0.0,0.0,neu
Stocks Firm Up in Late Rally,-0.25,0.5,neg
Bank Fears Sink Stocks,0.0,0.0,neu
Bank Stocks Rally in Europe,0.0,0.0,neu
Bank Rally Helps Stocks Cut Losses,0.0,0.0,neu
Retailers Lead Stocks Higher,0.25,0.5,pos
Earnings Jitters Hit Stocks,0.0,0.0,neu
Stocks Leap as Fears Ebb,0.0,0.0,neu
Stocks Open Second Quarter Strong,0.144444444444,0.411111111111,neu
Banks, Travel Shares Lead Declines in Europe,0.0,0.0,neu
Swine Flu Hurts Tourism Stocks, Boosts Pharmaceuticals,0.0,0.0,neu
Why Investors Should Avoid Bank Stocks,0.0,0.0,neu
Europe Stocks End Sharply Lower,-0.125,0.75,neg
Some Hopeful Signs for Stocks and Bonds,0.0,0.0,neu
Bank Rally Prolongs Market's Winning Streak,0.5,0.75,pos
Napolitano Under Fire Again,0.0,0.0,neu
Bush's Speech on the Economy,0.0,0.0,neu
Economy PoisedFor '07 Rebound,Forecasters Say,0.0,0.0,neu
U.S. Economy Grows 3.5%;Inflation Gauge Falls Sharply,-0.125,0.75,neg
'Economy Busted Out'In the Fourth Quarter,0.0,0.0,neu
Thailand's Economy Is Open for Business,0.0,0.5,neu
Bush to Deliver SpeechOn State of the Economy,0.0,0.0,neu
Global Economy Gets Momentum Outside U.S.,0.0,0.025,neu
Prodi to Open Up Italy's Economy,0.0,0.5,neu
Fed's Ideal Rate of GrowthCould Be Slower in the Future,0.45,0.5625,pos
Stocks Take a Walk in the Clouds,0.0,0.0,neu
Sustained Robust Growth Challenges Beijing,0.0,0.0,neu
Fed's Lacker Cites InflationAs Top Risk to U.S. Economy,0.5,0.5,pos
EPA Improves Its Mileage Estimates,But Stats Still Don't Tell the Whole Story,0.2,0.4,neu
Fed Official Outlines Threats to Economy,0.0,0.0,neu
China Steps Up Efforts to Cool Economy,0.35,0.65,pos
Fed Chairman Bernanke's Speech,0.0,0.0,neu
Merger Mania? Glad to Hear It's Happening!,0.625,1.0,pos
U.K. and GermanyProvide a BoostTo Region's Economy,0.0,0.0,neu
Hong Kong's Economy Has Strong Rebound,0.433333333333,0.733333333333,pos
How Much Do Election ShakeupsAffect the Nation's Economy?,0.2,0.2,neu
Why the Economy Needs Consumers To Shop This Year,0.0,0.0,neu
Democrats Target Wealth GapAnd Hope Not to Hit Economy,0.0,0.0,neu
Readers Respond on the Election, Economy,0.0,0.0,neu
Euro-Zone GrowthSlowed in Quarter,Suggesting a Peak,0.0,0.0,neu
Stocks Start Busy Week Higher,0.175,0.4,neu
Economic Jitters Sap Stocks,0.2,0.2,neu
Arroyo Says PesoMay Rise FurtherOn Solid Economy,0.0,0.1,neu
Bank of Japan RemainsUpbeat About Economy,0.0,0.0,neu
Bush Gains Ground on Economy,But Iraq Still Tops Voters' Agenda,0.0,0.0,neu
What's Behind the Boom,-0.4,0.7,neg
Housing StartsFall in Latest SignOf Cooling Market,0.5,0.9,pos
Housing Market ShowsFurther Signs of Cooling,0.0,0.0,neu
Housing Market Faces Big Test,0.0,0.1,neu
Bernanke Sees Economic RisksFrom Energy, Housing Market,0.2,0.2,neu
European Housing Slowdown,0.0,0.0,neu
Europe Might NeedSome Economic ShelterAs Housing Market Cools,0.2,0.2,neu
Is the House Party Over?,0.0,0.0,neu
Housing's End?,0.0,0.0,neu
Where the Heart Is,0.0,0.0,neu
For Whom Toll Bros. Tolls,0.0,0.0,neu
The Spa Staff Drought,0.0,0.0,neu
How Big U.S. Home BuildersPlan to Ride Out a Downturn,0.0,0.1,neu
Dollar Declines Against RivalsAmid Weak U.S. Housing Data,-0.375,0.625,neg
Cracks in the Foundation,0.0,0.0,neu
Housing Sector Draws Activity,0.0,0.0,neu
Housing Starts Jump 4.7%,Bucking Forecast for Drop,0.0,0.0,neu
In Bush's 'Ownership Society,'Citizens Would Take More Risk,0.5,0.5,pos
Some Housing Markets Overheat,0.0,0.0,neu
Heavenly Housing,0.0,0.0,neu
In Europe, Can One Size Fit All?,0.4,0.4,neu
ANZ Upgrades Annual OutlookWhile Warning of Tough Year,-0.388888888889,0.833333333333,neg
Housing PricesIn Euro ZoneWorry the ECB,0.0,0.0,neu
Military Is FacingWide Budget GapWith Halliburton,-0.1,0.1,neu
Investors Hammer Home Depot,0.0,0.0,neu
Greenspan: Hawk Lite,0.0,0.0,neu
Watching Zell's Neighborhood,0.0,0.0,neu
Even Experts Struggle To Identify 'Bubbles',0.0,0.0,neu
Our Towns,0.0,0.0,neu
From Nations That Have TriedSimilar Pensions, Some Lessons,0.0,0.0,neu
Fannie Mae's Political Immunity,0.0,0.1,neu
Saab Workers Win Reprieve,0.8,0.4,neu
Review: 2013 BMW M5,0.0,0.0,neu
Money Eludes Pakistan's Crackdown on Accused Terror Group,0.0,0.0,neu
Low Treasury Yields Buffet Money Funds,0.0,0.3,neu
Money Funds Balloon,0.0,0.0,neu
Fed's Rate Cutting Puts Shine on CDs,-0.6,0.9,neg
The Problem With the Federal Reserve's Money-Printing,0.0,0.0,neu
Money Rates Drop Sharply, but They Remain High,0.0175,0.645,pos
Investors May Have to Surrender Gains,0.0,0.0,neu
Money Markets Gain,0.0,0.0,neu
Video: A Turbulent Year for Money Funds,0.0,0.0,neu
Vodafone, Western Union Offer Transfers Via Cell,0.0,0.0,neu
A Money-Fund Manager's Fateful Shift,0.0,0.0,neu
Money Funds Hit a High,0.16,0.54,pos
Oracle, SPDR Trust: Money Flow Leaders (ORCL, SPY),0.0,0.0,neu
Investigators Probe Whether Madoff Stashed Money in Offshore Accounts,0.0,0.0,neu
Money-Market Funds Ditch European Banks,0.0,0.0,neu
Video: Money Market Funds's Exposure Poses a Danger to Investors,0.0,0.0,neu
Current Account: The Dangers Lurking in Money-Market Funds,0.0,0.4,neu
Goldman Sachs Reports Q3 Loss; Higher Prices at the Supermarket; Beware of Money-Markets,0.25,0.5,pos
Money Can't Buy You Love, Study Finds,0.5,0.6,pos
Romney: Spending Money to Make Money,0.0,0.0,neu
Video: Experiments Show that Investo's Brain's Get Excited When Money-Losing Holdings Rise in Price,0.375,0.75,pos
Bill Gross Suddenly Finding it Hard to Attract New Money,-0.0388257575758,0.374053030303,neu
Big Week for Money-Market Funds,0.0,0.1,neu
Hungarian Foundations Keep Warm by Burning Money,0.6,0.6,pos
Olympia Snowe and Jeff Sessions: An End to Budgetary Trickery,0.0,0.0,neu
Apple Sitting on Billions; If You Follow the Markets, Fasten Your Seat Belt,0.0,0.0,neu
Hedge Fund Money Poured In During Volatile 3Q,0.0,0.0,neu
Earnings Momentum,0.0,0.0,neu
Hitting Homes, Travel LightAnd Earnings From Lowe's,0.0,0.0,neu
Fund's Fine Line: Wrong or Just Early?,0.00555555555556,0.566666666667,pos
P&G, Cigna Earnings Drive Rally,0.0,0.0,neu
Time for Some Bargain Hunting?First, Study Why Stock Faltered,0.0,0.0,neu
Japanese Banks' Results Show Shift,0.0,0.0,neu
PBL's Earnings Rise 26%As Casinos in Australia Gain,0.0,0.0,neu
BoCom Earnings Rose 31% in Half,0.216666666667,0.558333333333,pos
Dell Falls on Earnings News; Nasdaq Gains 5.2% for Week,0.0,0.0,neu
MarketBeat: Dell Earnings Fell,So Investors Sell After the Bell,0.0,0.0,neu
Target and PenneyPost Strong Net,Boost Forecasts,0.433333333333,0.733333333333,pos
Australia's CBA Reports16% Increase in Earnings,0.0,0.0,neu
Surprise, Surprise,0.0,0.0,neu
Priceline Rallies on Earnings;Loudeye Surges on Nokia Buyout,0.0,0.0,neu
SingTel Reports 5.8% Rise in Earnings,0.0,0.0,neu
Google's Earnings Engine May Stall,0.0,0.0,neu
Oracle Falls on Slowing Earnings,But Tom Online Shares Surge,0.0,0.0,neu
General Mills Posts 4% Profit Rise,Boosts Full-Year Earnings Forecast,0.05,0.5,pos
Circuit City, Oracle Fall on Earnings,0.0,0.0,neu
HBOS ExpectsEarnings to BeatMarket Forecasts,0.0,0.0,neu
Lilly Sees Rise in 2007 ProfitOn Depression, Diabetes Drugs,0.0,0.0,neu
Fast Growth,0.2,0.6,pos
Morgan Plans to Spin Off Discover,0.0,0.0,neu
Oracle, RIM, PalmSee Heavy VolumeAhead of Reports,-0.2,0.5,neg
Black & Decker Slashes Outlook,-0.166666666667,0.433333333333,neu
Dow Industrials Hit New High,0.148181818182,0.497272727273,neu
GE's Forecast Plays It Safe,0.5,0.5,pos
Nucor Warns on Earnings,Citing High Inventories,0.16,0.54,pos
GE Tax Boon Clouds Profit Picture,0.0,0.0,neu
Oracle Fuels Trading in Software,0.0,0.0,neu
U.S. Government-Bond Prices Rise,0.0,0.0,neu
Cry of the Hawks,0.0,0.0,neu
Bonds RemainThe Simple WayTo Diversify,0.0,0.357142857143,neu
Kaupthing Bank of IcelandOffers Samurai Bonds,0.0,0.0,neu
Reading the Bond Market's TeaLeaves to Deduce What's Ahead,0.0,0.0,neu
Risky Times for Bond World's Riskiest Debt,0.0,0.0,neu
Bonds Rally After June'sDoom and Gloom,-0.133333333333,0.133333333333,neu
Convertible Bonds Stage Comeback,0.0,0.0,neu
Many Lack Confidence in EffortsTo Improve Corporate Governance,0.25,0.25,neu
Treasurys Strengthen on ReportOf Big Drop in Housing Prices,0.0,0.1,neu
Bonds Sag on Drop in Jobless Claims,0.0,0.0,neu
Airline Bonds May Be InFor a Smoother Flight,0.0,0.0,neu
Will Bonds BenefitFrom Economic-Data Burst?,0.0,0.0,neu
As Home Owners Face Strains,Market Bets on Loan Defaults,0.0,0.0,neu
Dow Industrials Shoot Higher,0.25,0.5,pos
Explaining the Alternative Minimum Tax,0.0,0.0,neu
Hedge Funds Could Boost Trading VolumeIn European Government Bonds,0.0,0.0,neu
New Japan SystemHits Samurai Bonds,0.136363636364,0.454545454545,neu
China Will OfferSavings BondsElectronically,0.0,0.0,neu
From Nikkei MOF Mulling IssuanceOf Nonmarketable BondsWith No Rate Risks,0.0,0.0,neu
Fed Keeps a Lid on Mortgage Bonds,0.0,0.0,neu
Treasurys Gain After Fed Statement,0.0,0.0,neu
Even Corporate Bonds Feel a Chill,0.0,0.0,neu
Turkey's Currency, Bonds DeclineAs Central Bank Keeps Rates Steady,0.0833333333333,0.375,neu
Singapore Bank ProposalMay Enliven Bond Market,0.0,0.0,neu
Junk Bonds RideSteady EconomyTo Stay on Top,0.5,0.5,pos
Banks Scoop Up Mortgage Bonds,0.0,0.0,neu
Investors Seek Refuge in Treasurys,0.0,0.0,neu
Newspapers Still LurePrivate Suitors,0.0,0.0,neu
S&P Puts Ford a Bit Deeper Into Junk,0.0,0.0,neu
Singapore's DBS Posts 10% RiseIn Profit on Strong Loan Growth,0.433333333333,0.733333333333,pos
Dow Jones to EndInternational CNBC Venture,0.0,0.0,neu
New York Times,Dow Jones ReportLower Net Income,0.0681818181818,0.227272727273,neu
Dow Jones, NBC DiscussFuture of CNBC Europe,0.0,0.0,neu
NBC Universal in TalksWith Dow Jones on Network,0.0,0.0,neu
Texas Instruments Rises, DuPont Falls,0.0,0.0,neu
Dow Chemical's Net SurgesAmid Higher Prices, Sales,0.125,0.25,neu
Move-Up Home Index,0.0,0.0,neu
Starter Home Index,0.0,0.0,neu
Luxury Home Index,0.0,0.0,neu
Elite Home Index,0.0,0.0,neu
Move-Up Home Index,0.0,0.0,neu
EBay, Office Depot, Qualcomm Rise,0.0,0.0,neu
Wal-Mart, Exxon Mobil Gain;Placer Dome Falls Amid Strike,0.0,0.0,neu
Profits Help Lift NasdaqTo Four-Year High,0.16,0.54,pos
HCA Drops on Weak Preview;Harley-Davidson, JetBlue Gain,-0.375,0.625,neg
Dow Jones Hires Yahoo Executive,0.0,0.0,neu
India Alters Media-Investment Law,0.0,0.0,neu
GM Paces Increase by Dow Industrials,0.0,0.0,neu
Investors Split on Industry Sectors,0.0,0.0,neu
Starter Home Index,0.0,0.0,neu
Newspaper Executives CautiousOn Outlook for Ad Spending,0.0,0.0,neu
Luxury Home Index,0.0,0.0,neu
Getting Divisive,0.0,0.0,neu
Move-Up Home Index,0.0,0.0,neu
Move-Up Home Index,0.0,0.0,neu
Sluggish Market Churns Lower,0.0,0.0,neu
Greenspan Leaves Stocks Unscathed,0.0,0.0,neu
Investors Await Inflation Data,0.0,0.0,neu
Bear Stearns, J.P. Morgan Rise; Shares of Chiron, Kohl's Slump,0.0,0.0,neu
Nasdaq Turns to Back-Up Calculator,0.0,0.0,neu
Nasdaq, Philly Glitch Freezes Indexes,0.0,0.0,neu
Bearish Bets Decline on NYSE, Nasdaq,0.0,0.0,neu
Bearish Bets Rise on Nasdaq,0.0,0.0,neu
Video: Nasdaq, S&P Suffer Biggest One-Day Drop Since November - News Hub,0.0,0.0,neu
Video: Telecom Lifts Nasdaq as Dow, S&P Drop on Disappointing Retail Sales - News Hub,-0.6,0.7,neg
Powering QQQQ's Run? AAPL, of course,0.0,0.0,neu
Data Points: U.S. Markets,0.0,0.0,neu
Data Points: U.S. Markets,0.0,0.0,neu
Data Points: U.S. Markets,0.0,0.0,neu
Data Points: U.S. Markets,0.0,0.0,neu
iGate, Apax Sign Deal for Patni Computer Systems,0.0,0.0,neu
Data Points: U.S. Markets,0.0,0.0,neu
FOMC Minutes Show Deflation Fears Easing, QE2 Still Sailing,0.0,0.0,neu
Parties at Stock Exchanges Add New Spin to Trading Floor,0.136363636364,0.454545454545,neu
Nasdaq Net Rises, Hampered by CostsOf Failed LSE Bid,-0.25,0.15,neu
Nasdaq Gains 4.3% for April;RadioShack Jumps on Higher Profit,0.25,0.5,pos
Microsoft Rises on Earnings, Vista;Nasdaq Gains 1.2% for the Week,0.0,0.0,neu
Nasdaq Gains 1.4% for the Week,0.0,0.0,neu
Nasdaq's Wobbly March,0.0,0.0,neu
Nasdaq, Nordic Exchange Holding Talks,0.0,0.0,neu
Nasdaq Woos Philadelphia Market,0.0,0.0,neu
Nasdaq Rallies With Broader Market,But Novell Slips on a Downgrade,0.0,0.0,neu
Apple Climbs on Profit Jump;XM Rises on Narrowed Loss,0.0,0.0,neu
Amazon Surges on Earnings,Leading Tech Shares Higher,0.25,0.5,pos
Bearish Bets Hit a RecordOn Nasdaq,0.0,0.0,neu
TI Earnings Lead Chip Stocks Higher;Nasdaq Stalls on Home-Sales Data,0.0,0.0,neu
Nasdaq CEO Pay Was $18.4 Million,0.0,0.0,neu
Spansion Tumbles on Wider Loss,0.0,0.0,neu
Nasdaq Slips Ahead of Earnings Reports,0.0,0.0,neu
Is Thain SendingToo Many Signs?,0.5,0.5,pos
NYSE Holders to Sell About $1.7 Billion of Stock,0.0,0.0,neu
NYSE, NasdaqMake OverturesTo LSE Holders,0.0,0.0,neu
NYSE Says It Is Holding TalksWith Potential Merger Partners,0.0,1.0,neu
NYSE Considers Its Next Move,0.0,0.0,neu
NYSE, Euronext Explore a Deal,0.0,0.0,neu
NYSE Stake PropelsLaBranche Earnings,0.0,0.0,neu
LSE Denies Talks With NYSEAbout Potential Merger,0.0,1.0,neu
NYSE's Stock OfferingBenefits Seat Holders,0.0,0.0,neu
NYSE Probes Trading ActivityOf Major Investment Bank,0.0625,0.5,pos
Ex-NYSE Floor Clerk Sentenced To Prison in 'Squawk Box' Case,0.0,0.0,neu
NYSE Executive Gives Deposition Linking Grasso to Pay Discussions,0.0,0.0,neu
Grasso Pay Package'Shocked' Board,-0.7,0.8,neg
Program Trading Is 57% of NYSE,0.0,0.0,neu
Short InterestIncreases 1.4%On the Big Board,0.0,0.2,neu
Win-Lose for the NYSE,0.0,0.0,neu
NYSE's 'Specialist' Fees,0.0,0.0,neu
NYSE Euronext's Good Debut,0.7,0.6,pos
Bearish Bets Fall on the NYSE,0.0,0.0,neu
Program Trading AccountsFor 33.1% of NYSE Volume,0.0,0.0,neu
Program Trading AccountsFor 33.2% of NYSE Volume,0.0,0.0,neu
Nymex May Be the Next to Merge,0.0,0.0,neu
Program Trading AccountsFor 36.2% of NYSE Volume,0.0,0.0,neu
Fear and Keyboard Abuse on the NYSE Floor,0.0,0.0,neu
Q: Are We Not Men? A: We Are NYSE!,0.0,0.0,neu
Out-of-Court Fight,0.0,0.0,neu
Quantum, Hutchinson Post Gains,0.0,0.0,neu
Shares Fall At 99 Cents,Brown Shoe,0.0,0.0,neu
Tokyo Stock ExchangeChases ETF Action,0.1,0.1,neu
Browsers, but No Buyers, for an LSE Stake,0.0,0.0,neu
HEARD ON THE STREET: Fixing Europe's Banking Disunion,0.0,0.0,neu
Global News: Nomura's Vereker Steps Down as Joint Head of Investment Banking,-0.0777777777778,0.144444444444,neu
Wheatley Review: City Reaction,0.0,0.0,neu
Judge Dismisses Lawsuit Against Investment Banking Chief Allen,0.0,0.0,neu
Columbia Banking to Buy West Coast Bancorp for $506 Million,0.0,0.0,neu
Credit Suisse Boosts Philippines Investment Banking,0.0,0.0,neu
Moody's: U.S. Banking Outlook Negative Despite Stronger Banks,-0.3,0.4,neu
Rajoy: Banking Union Needs Resolution Tools,0.0,0.0,neu
Church of England to Bankers: Repent!,0.0,0.0,neu
Review & Outlook: Shotgun Banking Union,0.0,0.0,neu
Ice-Cream Bank's Rocky Road,0.0,0.0,neu
HSBC Reshuffles U.K. Management,0.0,0.0,neu
Goldman Sachs Shakes Up Junior Staff in Europe,0.0,0.0,neu
Glen-X Could Be Another Blow to Nomura's Investment Banking Ambitions,0.0,0.0,neu
Asia Digital Banking Lags As Savers Flock Online,0.0,0.0,neu
Lenders Place Their Bets on Mobile Banking,0.0,0.0,neu
European Banking Authorities to Move to Make Stress Tests More Rigorous,0.25,0.25,neu
Senate Banking Committee to Vote on Fed Nominees on April 29,0.0,0.0,neu
China Warns of Rising Risks From 'P2P' Lending,0.0,0.0,neu
Mobile Banking Lifts BofA,0.0,0.0,neu
Jury Acquits Former Anglo Irish Bank Chairman,0.0,0.0,neu
At Banks, Mobile Becomes a Must,0.0,0.0,neu
Senators Urge Obama to Nominate Community Banker to Fed,0.0,0.0,neu
Citibank Korea to Close Nearly a Third of Its Branches,0.0,0.0,neu
Brazil's Central Bank on a Mission to Get People to Use Banks,0.0,0.25,neu
Senate Banking Committee Sends Three Fed Nominations to Senate Floor,0.0,0.0,neu
European Banking Authority Releases 2014 Bank Stress-Test Scenarios,0.0,0.0,neu
Heard on the Street: China's Banking Great Leap Is Anything But,0.8,0.75,pos
Vietnam's Debt-Heavy Banks Weigh on Investor Interest, IPO Plans,0.0,0.0,neu
Ten Ways the ICB Report Will Change the Face of U.K. Banking,0.0,0.0,neu
Woori Finance's ProfitGrew 22% in 1st Quarter,0.0,0.0,neu
Spirit Finance to Buy Most of ShopKo's Property,0.5,0.5,pos
Finance Ministers TussleOver Currency Policies,0.0,0.0,neu
Consumer & Specialty Finance,0.0,0.0,neu
A Columnist's Mistake,0.0,0.0,neu
Northrop Elevates Finance ChiefAs His Ascent at Firm Continues,-0.2,0.4,neu
CA Finance ChiefWill Step DownBy Mutual Accord,0.0,0.0,neu
Leverage Raises Default Risks,0.0,0.0,neu
Keeping Accounting Close to Home,0.0,0.0,neu
In Korea, Signs of a Stock Bubble,0.0,0.0,neu
Zale Finance Chief Put on LeaveIn Payment-Disclosure Delay,0.0,0.0,neu
Former MinisterNominated to RunTaiwan Chip Firm,-0.1,0.2,neu
Professor Testifies on Lay Stocks;Prosecution Won't Call Causey,0.0,0.0,neu
Asian PoliticiansUrge Action Over Oil,0.05,0.05,neu
HSBC Sees China Growth,0.0,0.0,neu
Woori Finance's Profit Rises 21%,0.0,0.0,neu
Peru's Finance ChiefHas Calming View,0.0,0.0,neu
Foreign Car Makers FillGap in China Auto Lending,-0.125,0.125,neu
Roh Names New Finance Chief,0.136363636364,0.454545454545,neu
Korea's Finance Minister Resigns,0.0,0.0,neu
CA Names Cooper Finance Chief,0.0,0.0,neu
Korea's Finance ChiefSees Solid Growth,0.0,0.1,neu
Taiwan Taps Tax ExpertTo Take Over Finance Post,0.0,0.0,neu
Sears Names New Finance Chief,0.136363636364,0.454545454545,neu
Bondholders Seek SaleOf Ford Credit,0.0,0.0,neu
Societe Generale plans Asia team,0.0,0.0,neu
Europe MinistersSee Rate Rise Coming,0.0,0.0,neu
Noted ...,0.0,0.0,neu
Noted . . .,0.0,0.0,neu
Healthy Korean Growth Predicted,0.5,0.5,pos
Cox and Landmark UnwindTrader Classified-Ad Venture,0.0,0.0,neu
GLG, Star Trader To Receive FinesLevied by Britain,0.0,0.0,neu
Wall Street Waits for Jobs Report,0.0,0.0,neu
Skilling's Attorney ChallengesHonesty, Accuracy of Witness,0.0,0.0,neu
Law Blog Archive,0.0,0.0,neu
Treasury to Hedge Funds:Let's Have a Little ChatAbout the Risks of Your GameFor Everyone Else?,-0.1875,0.5,neg
GM, GMAC BondsFall on Late Filing,-0.3,0.6,neg
Nymex May FaceA Narrow WindowOn Electronic Front,-0.2,0.4,neu
CAO Directors Plead Guilty,-0.5,1.0,neg
Hurry Up and Wait,0.0,0.0,neu
The Energy Trading High Wire,0.16,0.54,pos
Bush's Remarks and Q&A Session,0.0,0.0,neu
Overstock.com ChairmanConsiders Stepping Down,-0.155555555556,0.288888888889,neu
CAO Share PriceMoves Higher,As Trade Resumes,0.0,0.0,neu
Stocks Slip Ahead Of Bernanke's Comments,0.0,0.0,neu
Judge Baer Approves SEC Settlement With Alleged Insider Trader Hashemi,-0.1,0.35,neu
A Christmas-Tree Story: Fir-Trader Family Reunites,0.0,0.0,neu
Trader Resists Effort to Shine Light on 'Dark Pools',0.125,0.55,pos
ConAgra, TiVo Lure Bulls,0.0,0.0,neu
Traders Rethink Bullish Hopes for Activision,0.0,0.0,neu
Options Traders Active in GameStop,-0.133333333333,0.6,neg
Lawsuit Claims Harbinger Had Private Word on Bid,0.0,0.375,neu
Marvell Technology, Western Digital Options Active,-0.0444444444444,0.2,neu
WellPoint, Cigna Draw Options Interest,0.0,0.0,neu
Traders Put Energy Into Options Arena,0.0,0.0,neu
Traders Book Bets on Airlines,0.0,0.0,neu
The Man Who Wired Silicon Valley,0.0,0.0,neu
Trading in J.P. Morgan Chase Options Is Active,-0.133333333333,0.6,neg
Galleon Fund Chief Rajaratnam Snared by Wiretaps & Turncoats,0.0,0.0,neu
Gold Ebbs as Dollar Gains,0.0,0.0,neu
Review & Outlook: Hong Kong's Creeping Interventionism,0.0,0.0,neu
Charting China's Economy: The Third Quarter,0.0,0.0,neu
Stephens: Europe's Brain-Dead Right,0.285714285714,0.535714285714,pos
Free Web Link OffersCorporate-Governance Scores,0.4,0.8,pos
Treasury Issues New Tax RulesOn Private Use of Corporate Jets,0.0454545454545,0.276515151515,neu
Japan's Regulators Get SeriousAbout Corporate Governance,0.0,0.0,neu
Amid Crackdown, the Jet PerkSuddenly Looks a Lot Pricier,0.0,0.0,neu
Corporate Debt's Stormy May Eases,0.0,0.0,neu
Corporate Marketers Try Out Blogs,0.0,0.0,neu
GM and Ford Fall Off Corporate Bond Index,0.0,0.0,neu
CEOs May Soon Be RequiredTo Certify Corporations' Taxes,0.0,0.0,neu
Blogging BecomesA Corporate Job;Digital 'Handshake'?,0.0,0.0,neu
Growing Investor Demand SpursMore Choices for Buying Bonds,0.0,0.0,neu
VAT Decision Is Sent to Arroyo,0.0,0.0,neu
GE and the GreeningOf Corporate America,0.0,0.0,neu
Singapore ExchangeTo Bolster Listing Rules,0.0,0.0,neu
CEOs Fight Making It EasierFor Holders to Stop Board Picks,0.0,0.0,neu
Investors Shun Asian BondsAmid Rate, Economic Concerns,0.1,0.1,neu
Sketchy Loans Abound,0.0,0.0,neu
Managing Corporate Social Responsibility,0.0166666666667,0.0333333333333,neu
Should Boards Control or Support Corporate Management?,0.0,0.0,neu
Germany's Cabinet AgreesOn Bill to Cut Corporate Taxes,0.0,0.0,neu
Making 'Great Deal of Progress'On Proxy Access, SEC's Cox Says,0.35,0.675,pos
China Bond Revamp Stalls,0.0,0.0,neu
How Five New Players AidMovement to Limit CEO Pay,0.136363636364,0.454545454545,neu
China Is ExpectedTo Approve RiseIn Bond Quota,0.0,0.0,neu
Subprime Woes PressureWall Street Banks' Bonds,0.0,0.0,neu
Worldly Wise,0.7,0.9,pos
Fourth-Quarter GDP Revised UpTo 2.5% on Inventory Investment,0.0,0.0,neu
Orient Secures FundsAs It Plans Revamp,0.0,0.0,neu
Firms Face New Tax Curbs,0.136363636364,0.454545454545,neu
The Battle for the NFL's Future,0.0,0.125,neu
Euronext's Revenue Rises by 5.6%,0.0,0.0,neu
Gemstar Results Use Red InkAs Publishing Revenue Shrinks,0.0,0.0,neu
MCI Returns to ProfitabilityDespite 10% Fall in Revenue,0.0,0.0,neu
Cisco's Net Income Advances 12%,0.0,0.0,neu
Nortel Net Jumps;Revenue Adds 10%To Cheer Investors,0.0,0.0,neu
Weak Newspaper Results HurtWashington Post's Net Income,-0.1875,0.3125,neu
Pixar's Earnings,Revenue PlungeWithout 'Nemo',0.0,0.0,neu
Comcast's Profit Jumps 64%On Revenue, Margin Increases,0.0,0.0,neu
IAC Net, RevenueRise on Concerts,Financial Services,0.0,0.0,neu
WPP Group's Profit Rises 45%,Aided by Grey Global Purchase,-0.025,0.05,neu
Toll Brothers' Net, Revenue Jump,0.0,0.0,neu
Real-Estate BubbleIs Also BuoyingNewspapers - For Now,0.0,0.0,neu
Chile Hopes Mine-Tax Revenue Will Aid R&D,0.0,0.0,neu
Japan's Cellphone Giant TriesExpansion Into Credit Cards,0.0,1.0,neu
New York Times, Tribune SeeDrop in Advertising Revenue,0.136363636364,0.454545454545,neu
CBS's Core Broadcast Revenue Slips,0.0,0.0,neu
Time Warner to Restate Ad Revenue,0.0,0.0,neu
H-P ReportsSurge in ProfitAnd Raises Forecast,0.0,0.0,neu
Euronext ReportsRevenue IncreaseOn Brisk Market,0.0,0.0,neu
Cisco Sales Jump, Outlook Brightens,0.0,0.0,neu
Lenovo Group Posts Small ProfitAs Revenue and Unit Sales Rise,-0.25,0.4,neu
Telkom's Results BolsteredBy Web Division,0.0,0.0,neu
CDC Net Reaches $7.9 Million,0.0,0.0,neu
BT Makes a Bet on Broadband TV,0.0,0.0,neu
Deficit Is LikelyTo Shrink in 2006On Tax Revenue,0.0,0.0,neu
ITV Profit Rises Despite Ad Drop,0.0,0.0,neu
Imax Shares FallAmid SEC Inquiry,Lack of Buyer,-0.1,0.6,neg
Louisiana CoffersSwell Since Katrina,0.0,0.0,neu
World Watch,0.0,0.0,neu
The OECD Cuts Its Forecast For Global Economic Growth,0.1,0.1,neu
South Korean Economy SeesWeakest Growth Since 2003,0.0,0.0,neu
SABMiller's EarningsGrew 77% in Fiscal Year,0.0,0.0,neu
Singapore's Growth Decelerates,0.0,0.0,neu
Economists Scale BackForecasts for Growth,0.0,0.0,neu
Bargain Growth Stocks,0.0,0.0,neu
U.S. Exporters Face Harsh Climate,-0.2,0.7,neg
Philippine EconomyIncreases by 4.6%,0.0,0.0,neu
Korean Economy Hits Lowest Point Since 2003,0.0,0.0,neu
IMF Forecasts2005 SlowdownFor Asia Economy,0.0,0.0,neu
On Monetary Policy:Yap at Japan, Not China,0.0,0.0,neu
Vodafone GroupIs Expected to PostStrong Growth,-0.1,0.4,neu
Slower Growth HitsCellphone Services Overseas,0.0,0.0,neu
South Korean Economic Growth Slows,0.2,0.2,neu
Philadelphia FedReports Growth And Jobs Slowed,0.0,0.0,neu
East Asia Growth Forecast Is Raised,0.0,0.0,neu
China Estimates Growth in 2006Was Likely 10.5%,0.0,1.0,neu
Embrace the Deficit,0.0,0.0,neu
Google's Earnings Engine May Stall,0.0,0.0,neu
Text of Bernanke RemarksOn Chinese Economy, Trade,0.0,0.0,neu
Euro Zone Wage GrowthSlowed in Third Quarter,0.0,0.0,neu
Thai GDP Picks Up Steam,0.0,0.0,neu
Past Losses a Plus for Large-Growth Funds,-0.25,0.25,neu
India's Growth BoostsShort-Term Optimism,Long-Term Concern,0.0,0.0,neu
Looking for SignalsIn Final GDP Reading,0.0,1.0,neu
Japan Expects GrowthTo Regain Steam Next Year,0.0,0.0,neu
China Data ShowQuicker GrowthIn Investments,0.0,0.0,neu
Indian Finance Official Expects Pickup in Growth,0.0,0.0,neu
Immigration Fuels U.K. Growth,0.0,0.0,neu
Invest in Korea,0.0,0.0,neu
Pension Funds Still Invest Despite Prices,0.0,0.0,neu
Blue Chips Rally 494.13 but Paralysis Takes Hold,0.0,0.1,neu
Treasurys fall on Citigroup rescue,0.0,0.0,neu
Italy Expected to Amplify Infrastructure Spending,-0.1,0.4,neu
How Investors Can Get In On Buffett's Goldman Play,0.0,0.0,neu
Buyout Firm Could Call In Their IOUs,-0.2,0.4,neu
A Pact to BuyChina Times Group,0.0,0.0,neu
Think Before Unloading,0.0,0.0,neu
Stand Pat or Rethink?,0.0,0.0,neu
Banco Santander Plans $1.2 Billion Brazil Investment,0.0,0.0,neu
Blue Chips Rally 494.13 But Paralysis Takes Hold,0.0,0.1,neu
Dell's Revival Strategy Runs Into Trouble,-0.2,0.2,neu
Think Railroads in Infrastructure Aid,0.0,0.0,neu
Judd Gregg: How to Make Sure the Stimulus Works,0.5,0.888888888889,pos
Dubai Will Invest the Most in Deal to Boost Nigeria,0.5,0.5,pos
Ten largest buyout firms can spend $200 billion,0.0,0.0,neu
The 'Alternatives' Route Was Tough Going in 2008,-0.388888888889,0.833333333333,neg
Ireland to AcquireAnglo Irish Bank,0.0,0.0,neu
Inside a Swiss Bank, Madoff Warnings,0.0,0.0,neu
Hedge-Fund Middlemen Get Pinched,0.0,0.0,neu
Why We Keep Falling for Financial Scams,0.0,0.0,neu
Muni-Bond Bargains: Devil's in Details,0.0,0.0,neu
Let's Stimulate Private Risk Taking,0.0,0.375,neu
Yale's Investor Keeps Playbook,0.0,0.0,neu
Obama Remarks on the Economy,0.0,0.0,neu
Excerpts of President-Elect Barack Obama's Speech on the Economy,0.0,0.0,neu
ETFs for Infrastructure,0.0,0.0,neu
Soros, Dell Join Flowers in Purchase of IndyMac,0.0,0.0,neu
Oaktree Capital Will Invest $3 Billion in South Korea,0.0,0.0,neu
Singapore Cellphone Repair FirmOverstated Profit and Revenue,0.0,0.0,neu
Fortis's Net Profit Rises 6.2%Buoyed by its Banking Unit,0.0,0.0,neu
Seiko's Net Profit Falls 44%On Slump in Japan Watch Sales,0.0,0.0,neu
Cable & Wireless Returns to Profit,0.0,0.0,neu
Nippon Oil Pumps Fiscal-Year Profit,0.0,0.0,neu
Big Japanese Contractors Post Gains,0.0,0.05,neu
British Airways' Profit Drops 25%,0.0,0.0,neu
Fiat Posts Profit, Helped By Settlement With GM,0.0,0.0,neu
SembCorp Net ProfitRose 64% in 1st Quarter,0.0,0.0,neu
McAfee Records Lower Profit,0.0,0.0,neu
Total's Net Increases 54%,On High Oil Prices, Margins,0.0533333333333,0.43,neu
Veritas Profit, Revenue Rise,0.0,0.0,neu
UBS Net Profit Increases 15%On Strength in Private Banking,0.0,0.1875,neu
Quanta Computer Logs32% Drop in Net Profit,0.0,0.0,neu
EDS Returns to Quarterly ProfitDespite Continued Fall in Revenue,0.0,0.0,neu
India Resource Firms May See Profit Hit Despite Demand,0.0,0.0,neu
Bed Bath's Profit Rises 14%,0.0,0.0,neu
CarMax's Profit Drops 3% as Margins Rise,0.0,0.0,neu
Krispy Kreme Profit Drops 53%,0.0,0.0,neu
HPCL net profit jumps, sales fall,0.0,0.0,neu
Suzlon Profit Slips; Job Cuts Considered,0.0,0.0,neu
Unitech Net Profit Falls 28%,0.0,0.0,neu
India Oil Producer ONGC Posts Another Drop in Profit,0.0,0.0,neu
Sales Slowdown Trims Oracle Profit,0.0,0.0,neu
Citibank India Posts Profit,0.0,0.0,neu
Smith & Wesson's Profit Jumps,0.0,0.0,neu
Carnival Profit Falls 33%; Drop Is Tempered by Lower Costs,0.0,0.0,neu
Pier 1 Imports Swings to Profit,0.0,0.0,neu
Adobe's Profit, Sales Slump,0.0,0.0,neu
Satyam Reports an Unexpected Profit,0.1,1.0,pos
'Opportunity Is All Over the World',0.0,0.0,neu
I Won't Trade Good Food and Love for 'Opportunity',0.6,0.6,pos
Speeding Through Cornfields -- at Four MPH,0.0,0.0,neu
China's Olympic Opportunity,0.0,0.0,neu
Is Avon's Latest Scent Sweet Smell of Success?,0.383333333333,0.516666666667,pos
Talking Too MuchOn a Job InterviewMay Kill Your Chance,0.0,0.0,neu
Lesson From Awful August:Never Sell in Time of Panic,-1.0,1.0,neg
Basis Capital Will AllowLimited Fund Redemptions,0.0,0.0,neu
Promise of Gene Therapy In Fight Against Cancer,0.0,0.0,neu
Dell Taps Responsibility Officer,0.0,0.0,neu
Transcript: The GOP Debate,0.0,0.0,neu
Clinton Bears BruntOf Barbs as Front-Runner,0.0,0.0,neu
Lessons for Merrill's Directors: In Future, Don't Reward Failure,-0.158333333333,0.2125,neu
Indonesia Circles the Wagons,0.0,0.0,neu
NPR Chief Ken SternRides the Airwaves,0.0,0.0,neu
McCain's School Choice Opportunity,0.0,0.0,neu
Obama and Economic Opportunity,0.2,0.2,neu
Letter From Bill Wrigley,0.0,0.0,neu
Entrepreneurs See Opportunity Down on the Yard Farm,-0.155555555556,0.288888888889,neu
Hope Street Tool Seeks to Help People See Potential,0.0,1.0,neu
Europe's Caspian Opportunity,0.0,0.0,neu
Climate Change Opportunity,0.0,0.0,neu
Opportunity in Closed-End Funds,0.0,0.0,neu
IRA Investors See Golden Opportunity,0.3,0.5,pos
Wall Street Overlooks Bullish News For Closed-End Investment Funds,0.0,0.0,neu
Obama's America,0.0,0.0,neu
Reaching Out to Recruiters As You Work Your Way Up,0.0,0.0,neu
Is Free-Lancing for You?,0.0,0.0,neu
Mideast Funds Spot Deals,0.0,0.0,neu
Copper Slips After Hitting $4,0.0,0.0,neu
U.S. business lobby riles Democrats with ad push,0.0,0.0,neu
Oil and Gold May Gain Support After Taking Hits Amid Downturn,0.0,0.0,neu
Money-Fund Assets Show Gain,0.0,0.0,neu
August Jobs Data Boost Stocks,0.0,0.0,neu
Dow Ekes Out Gain After Early SlideAs Oil, Gold Retreat From Lofty Heights,0.1,0.3,neu
Nasdaq Finishes With Slight Gain,-0.166666666667,0.166666666667,neu
European Shares Gain Ground,Boosted By Resource Sector,0.0,0.0,neu
MarketBeat: Dull Tape, Shiny Gain,-0.291666666667,0.5,neg
In the Salad Aisle,Spinach's PainIs Arugula's Gain,0.0,0.0,neu
Equity UITs Gain As AlternativesTo Mutual Funds,0.0,0.0,neu
A Few Centuries Late,Convicted Witches Gain New Defenders,-0.0318181818182,0.277272727273,neu
AT&T, BellSouth, DuPont Gain;Boeing Drops After Downgrade,0.0,0.0,neu
Accor Profit JumpsAs It Refocuses on Core Hotels,0.0,0.0,neu
Bristol-Myers GainsAs VeriFone Also Rises,0.0,0.0,neu
Bollore Compels AegisTo Schedule Board Elections,0.0,0.0,neu
How Fresh Data Cloud PictureOf U.S. Economy,0.3,0.5,pos
Wal-Mart's July Sales Gain Signals Retail Strength,0.0,0.0,neu
Kraft Posts 44% Profit Gain,Raises Its Full-Year Forecast,0.0,0.0,neu
Reagan Advisers Wanted To Trade Pork for Speed,0.0,0.0,neu
Allstate Posts 5% Earnings Gain,0.0,0.0,neu
Investors Wary Before Jobs Data,-0.5,0.7,neg
Bank Mandiri Has Lots to GainIf Jakarta Eases Bad-Loan Laws,0.0,0.0,neu
Volkswagen's Net DoublesOn Sale of Europcar Unit,0.0,0.0,neu
Xerox Net Falls39% FollowingYear-Ago Gain,0.0,0.0,neu
Citigroup Profit Gain Is StuntedBy Weak Consumer Business,-0.375,0.625,neg
Standard Life Shares Gain in Debut,0.0,0.0,neu
Wal-Mart ExpectsSales at BottomOf June Forecast,0.0,0.0,neu
Prudential Posts50% Profit GainDespite Egg Loss,0.0,0.0,neu
Less Rate Fear:Dow IndustrialsRally 119 Points,-0.166666666667,0.0666666666667,neu
Nasdaq Climbs on GDP Report, But McAfee Falls on Restatement,0.0,0.0,neu
Zynga Leans On Some Workers,0.0,0.0,neu
Indian Shares End Lower,0.0,0.0,neu
U.S. Stocks Remain Resilient Despite Tensions,0.0,0.0,neu
'Cash Flow' Isn'tWhat It Used to Be,0.0,0.0,neu
GE Cuts Past Operating Cash Flows,-0.25,0.25,neu
Oil Companies ReapCash WindfallFrom Price Surge,0.0,0.0,neu
Auction-Rate Securities Under Fire,0.0,0.0,neu
Shares Surpass Cash as Takeover Currency of Choice,0.0,0.0,neu
Little Campus Lab Shakes Big Firms,-0.09375,0.3,neu
Cash Accounts Rebound,0.0,0.0,neu
Tyco Deferred Bonuses to CutSize of Pay on Proxy Statement,0.0,0.0,neu
Delta Air Adds New MeasuresTo Cash-Conservation Effort,0.136363636364,0.454545454545,neu
Value Stocks,0.0,0.0,neu
Make Money, Help Cash-Short Inventors,0.0,0.0,neu
AT&T Saves Cash for FCC Charges,0.0,0.0,neu
Cox May Sell Four Cable Systems,Cash In on Private-Equity Thirst,0.0,0.0,neu
Japan's Central BankMay Trim Cash Target,0.0,0.25,neu
PLDT Net Jumps on Cellular Strength,0.0,0.0,neu
Dell Puts Cash Flow to Work,0.0,0.0,neu
Value Managers Are Flush With Cash,0.0,0.0,neu
Treasury Plans Sale of Notes, Bills,0.0,0.0,neu
GM Won't Face Cash Crisis If Rating Gets Cut,0.0,0.0,neu
Delta's $1.07 Billion Loss FuelsWorries of Another Cash Crunch,0.0,0.0,neu
The Buggy-Whip Maker,0.0,0.0,neu
Judge Is Seen Approving Adelphia Breakup Fee,0.0,0.0,neu
Sharper Financial PictureExpected for DirecTV,0.0,0.0,neu
Hutchison's Long-Distance Bill,0.0,0.0,neu
Brokerage Firms BoostEfforts to Offer Banking,0.0,0.0,neu
Marathon to Buy Ashland StakeIn Midwest Refinery Venture,0.0,0.0,neu
Performance Tires BurnRubber -- and Cash,0.0,0.0,neu
Is Gold's Run Over?,0.0,0.0,neu
John Bull Confronts Criminals, Chickens Out,0.0,0.0,neu
Small Stocks Bear Brunt of Fall,-0.25,0.4,neu
A Longtime Loser,Pro Soccer BeginsTo Score in U.S.,0.0,0.0,neu
Bear Hunting,0.0,0.0,neu
Sour Sentiment, Stalled Stocks,-0.15,0.1,neu
Canine Mutiny: Dog Owners Fight Insurers,0.0,0.0,neu
Wall Street Trades Up,0.0,0.0,neu
Uncertainty Reigns,0.0,0.0,neu
FirstFed's Troubling Numbers,0.0,0.0,neu
Next Tankan Survey PlaysBig Role at Bank of Japan,0.0,0.0,neu
It's Time to Buy: Nasdaq's Slide Signals Opportunities for Investors,0.0,0.0,neu
Cowabunga Yarchagumba,0.0,0.0,neu
Talking the Talk,0.0,0.0,neu
Tomorrow's Testimony Today,0.0,0.0,neu
All Hail the New Bull Market!,0.170454545455,0.454545454545,neu
Thinking Like a Bull in a Bear Market,0.0,0.0,neu
OVERHEARD,0.0,0.0,neu
Don't Get Too Excited About This Rally,0.375,0.75,pos
Alternatives to Going to College After High School,0.16,0.54,pos
Are ETFs Driving Late-Day Turns?,0.0,0.0,neu
Photos of the Year, 2008,0.0,0.0,neu
Damage Done May Require Bigger Moves,0.0,0.5,neu
The Year in Photos: Sports,0.0,0.0,neu
Stock Investors Lose Faith, Pull Out Record Amounts,0.0,0.0,neu
Madoff Created Air of Mystery,0.0,0.0,neu
Photos of the Year: The Best,1.0,0.3,neu
Even With His '08 View Way Off, Mr. Paulsen Sees '09 Heading Up,0.0,0.0,neu
An Optimist Looks Back on a Rough Year,-0.05,0.2,neu
President-elect Barack Obama's Transition Team Promises Bridges to Everywhere,0.0,0.0,neu
